id,from_station_code,to_station_code,time_minutes,created_at,updated_at,event_type_code
1,AOBADAI,TANA,2,2025-07-09 00:06:30.481,2025-07-09 00:06:30.481,TOKYU
2,AOBADAI,FUJIGAOKA,1,2025-07-09 00:06:30.481,2025-07-09 00:06:30.481,TOKYU
3,AZAMINO,EDA,2,2025-07-09 00:06:30.481,2025-07-09 00:06:30.481,TOKYU
4,AZAMINO,TAMAPLAZA,1,2025-07-09 00:06:30.481,2025-07-09 00:06:30.481,TOKYU
5,BASHAMICHI,NIHONODORI,2,2025-07-09 00:06:30.481,2025-07-09 00:06:30.481,TOKYU
6,BASHAMICHI,MINATOMIRAI,2,2025-07-09 00:06:30.481,2025-07-09 00:06:30.481,TOKYU
7,CHIDORICHO,IKEGAMI,2,2025-07-09 00:06:30.481,2025-07-09 00:06:30.481,TOKYU
8,CHIDORICHO,KUGAHARA,1,2025-07-09 00:06:30.481,2025-07-09 00:06:30.481,TOKYU
9,CHUORINKAN,TSUKIMINO,2,2025-07-09 00:06:30.481,2025-07-09 00:06:30.481,TOKYU
10,DAIKANYAMA,NAKAMEGURO,2,2025-07-09 00:06:30.481,2025-07-09 00:06:30.481,TOKYU
11,DAIKANYAMA,SHIBUYA,2,2025-07-09 00:06:30.481,2025-07-09 00:06:30.481,TOKYU
12,DENENCHOFU,TAMAGAWA,2,2025-07-09 00:06:30.481,2025-07-09 00:06:30.481,TOKYU
13,DENENCHOFU,JIYUGAOKA,2,2025-07-09 00:06:30.481,2025-07-09 00:06:30.481,TOKYU
14,DENENCHOFU,OKUSAWA,2,2025-07-09 00:06:30.481,2025-07-09 00:06:30.481,TOKYU
15,EBARAMACHI,HATANODAI,2,2025-07-09 00:06:30.481,2025-07-09 00:06:30.481,TOKYU
16,EBARAMACHI,NAKANOBU,1,2025-07-09 00:06:30.481,2025-07-09 00:06:30.481,TOKYU
17,EBARANAKANOBU,HATANODAI,1,2025-07-09 00:06:30.481,2025-07-09 00:06:30.481,TOKYU
18,EBARANAKANOBU,TOGOSHIGINZA,2,2025-07-09 00:06:30.481,2025-07-09 00:06:30.481,TOKYU
19,EDA,ICHIGAO,2,2025-07-09 00:06:30.481,2025-07-09 00:06:30.481,TOKYU
20,EDA,AZAMINO,2,2025-07-09 00:06:30.481,2025-07-09 00:06:30.481,TOKYU
21,FUDOMAE,MUSASHIKOYAMA,1,2025-07-09 00:06:30.481,2025-07-09 00:06:30.481,TOKYU
22,FUDOMAE,MEGURO,2,2025-07-09 00:06:30.481,2025-07-09 00:06:30.481,TOKYU
23,FUJIGAOKA,AOBADAI,1,2025-07-09 00:06:30.481,2025-07-09 00:06:30.481,TOKYU
24,FUJIGAOKA,ICHIGAO,2,2025-07-09 00:06:30.481,2025-07-09 00:06:30.481,TOKYU
25,FUTAKOSHINCHI,TAKATSU,1,2025-07-09 00:06:30.481,2025-07-09 00:06:30.481,TOKYU
26,FUTAKOSHINCHI,FUTAKOTAMAGAWA,2,2025-07-09 00:06:30.481,2025-07-09 00:06:30.481,TOKYU
27,FUTAKOTAMAGAWA,FUTAKOSHINCHI,2,2025-07-09 00:06:30.481,2025-07-09 00:06:30.481,TOKYU
28,FUTAKOTAMAGAWA,YOGA,3,2025-07-09 00:06:30.481,2025-07-09 00:06:30.481,TOKYU
29,FUTAKOTAMAGAWA,KAMINOGE,2,2025-07-09 00:06:30.481,2025-07-09 00:06:30.481,TOKYU
30,GAKUGEIDAIGAKU,TORITSUDAIGAKU,2,2025-07-09 00:06:30.481,2025-07-09 00:06:30.481,TOKYU
31,GAKUGEIDAIGAKU,YUTENJI,2,2025-07-09 00:06:30.481,2025-07-09 00:06:30.481,TOKYU
32,GOTANDA,OSAKIHIROKOJI,2,2025-07-09 00:06:30.481,2025-07-09 00:06:30.481,TOKYU
33,HAKURAKU,HIGASHIHAKURAKU,2,2025-07-09 00:06:30.481,2025-07-09 00:06:30.481,TOKYU
34,HAKURAKU,MYORENJI,2,2025-07-09 00:06:30.481,2025-07-09 00:06:30.481,TOKYU
35,HASUNUMA,KAMATA,2,2025-07-09 00:06:30.481,2025-07-09 00:06:30.481,TOKYU
36,HASUNUMA,IKEGAMI,2,2025-07-09 00:06:30.481,2025-07-09 00:06:30.481,TOKYU
37,HATANODAI,KITASENZOKU,2,2025-07-09 00:06:30.481,2025-07-09 00:06:30.481,TOKYU
38,HATANODAI,EBARAMACHI,2,2025-07-09 00:06:30.481,2025-07-09 00:06:30.481,TOKYU
39,HATANODAI,NAGAHARA,2,2025-07-09 00:06:30.481,2025-07-09 00:06:30.481,TOKYU
40,HATANODAI,EBARANAKANOBU,1,2025-07-09 00:06:30.481,2025-07-09 00:06:30.481,TOKYU
41,HIGASHIHAKURAKU,TANMACHI,2,2025-07-09 00:06:30.481,2025-07-09 00:06:30.481,TOKYU
42,HIGASHIHAKURAKU,HAKURAKU,2,2025-07-09 00:06:30.481,2025-07-09 00:06:30.481,TOKYU
43,HIYOSHI,TSUNASHIMA,2,2025-07-09 00:06:30.481,2025-07-09 00:06:30.481,TOKYU
44,HIYOSHI,MOTOSUMIYOSHI,2,2025-07-09 00:06:30.481,2025-07-09 00:06:30.481,TOKYU
45,HIYOSHI,SHINTSUNASHIMA,3,2025-07-09 00:06:30.481,2025-07-09 00:06:30.481,TOKYU
46,ICHIGAO,FUJIGAOKA,2,2025-07-09 00:06:30.481,2025-07-09 00:06:30.481,TOKYU
47,ICHIGAO,EDA,2,2025-07-09 00:06:30.481,2025-07-09 00:06:30.481,TOKYU
48,IKEGAMI,HASUNUMA,2,2025-07-09 00:06:30.481,2025-07-09 00:06:30.481,TOKYU
49,IKEGAMI,CHIDORICHO,2,2025-07-09 00:06:30.481,2025-07-09 00:06:30.481,TOKYU
50,IKEJIRIOHASHI,SANGENJAYA,3,2025-07-09 00:06:30.481,2025-07-09 00:06:30.481,TOKYU
51,IKEJIRIOHASHI,SHIBUYA,3,2025-07-09 00:06:30.481,2025-07-09 00:06:30.481,TOKYU
52,ISHIKAWADAI,YUKIGAYAOTSUKA,2,2025-07-09 00:06:30.481,2025-07-09 00:06:30.481,TOKYU
53,ISHIKAWADAI,SENZOKUIKE,1,2025-07-09 00:06:30.481,2025-07-09 00:06:30.481,TOKYU
54,JIYUGAOKA,DENENCHOFU,2,2025-07-09 00:06:30.481,2025-07-09 00:06:30.481,TOKYU
55,JIYUGAOKA,TORITSUDAIGAKU,2,2025-07-09 00:06:30.481,2025-07-09 00:06:30.481,TOKYU
56,JIYUGAOKA,KUHONBUTSU,2,2025-07-09 00:06:30.481,2025-07-09 00:06:30.481,TOKYU
57,JIYUGAOKA,MIDORIGAOKA,2,2025-07-09 00:06:30.481,2025-07-09 00:06:30.481,TOKYU
58,KAJIGAYA,MIYAZAKIDAI,2,2025-07-09 00:06:30.481,2025-07-09 00:06:30.481,TOKYU
59,KAJIGAYA,MIZONOKUCHI,2,2025-07-09 00:06:30.481,2025-07-09 00:06:30.481,TOKYU
60,KAMATA,YAGUCHINOWATASHI,2,2025-07-09 00:06:30.481,2025-07-09 00:06:30.481,TOKYU
61,KAMATA,HASUNUMA,2,2025-07-09 00:06:30.481,2025-07-09 00:06:30.481,TOKYU
62,KAMINOGE,FUTAKOTAMAGAWA,2,2025-07-09 00:06:30.481,2025-07-09 00:06:30.481,TOKYU
63,KAMINOGE,TODOROKI,2,2025-07-09 00:06:30.481,2025-07-09 00:06:30.481,TOKYU
64,KIKUNA,MYORENJI,2,2025-07-09 00:06:30.481,2025-07-09 00:06:30.481,TOKYU
65,KIKUNA,OKURAYAMA,2,2025-07-09 00:06:30.481,2025-07-09 00:06:30.481,TOKYU
66,KITASENZOKU,OOKAYAMA,2,2025-07-09 00:06:30.481,2025-07-09 00:06:30.481,TOKYU
67,KITASENZOKU,HATANODAI,2,2025-07-09 00:06:30.481,2025-07-09 00:06:30.481,TOKYU
68,KOMAZAWADAIGAKU,SAKURASHINMACHI,3,2025-07-09 00:06:30.481,2025-07-09 00:06:30.481,TOKYU
69,KOMAZAWADAIGAKU,SANGENJAYA,2,2025-07-09 00:06:30.481,2025-07-09 00:06:30.481,TOKYU
70,KUGAHARA,CHIDORICHO,1,2025-07-09 00:06:30.481,2025-07-09 00:06:30.481,TOKYU
71,KUGAHARA,ONTAKESAN,2,2025-07-09 00:06:30.481,2025-07-09 00:06:30.481,TOKYU
72,KUHONBUTSU,OYAMADAI,2,2025-07-09 00:06:30.481,2025-07-09 00:06:30.481,TOKYU
73,KUHONBUTSU,JIYUGAOKA,2,2025-07-09 00:06:30.481,2025-07-09 00:06:30.481,TOKYU
74,MEGURO,FUDOMAE,2,2025-07-09 00:06:30.481,2025-07-09 00:06:30.481,TOKYU
75,MIDORIGAOKA,JIYUGAOKA,2,2025-07-09 00:06:30.481,2025-07-09 00:06:30.481,TOKYU
76,MIDORIGAOKA,OOKAYAMA,1,2025-07-09 00:06:30.481,2025-07-09 00:06:30.481,TOKYU
77,MINAMIMACHIDAGRANBERRYPARK,TSUKIMINO,1,2025-07-09 00:06:30.481,2025-07-09 00:06:30.481,TOKYU
78,MINAMIMACHIDAGRANBERRYPARK,SUZUKAKEDAI,2,2025-07-09 00:06:30.481,2025-07-09 00:06:30.481,TOKYU
79,MINATOMIRAI,BASHAMICHI,2,2025-07-09 00:06:30.481,2025-07-09 00:06:30.481,TOKYU
80,MINATOMIRAI,SHINTAKASHIMA,2,2025-07-09 00:06:30.481,2025-07-09 00:06:30.481,TOKYU
81,MIYAMAEDAIRA,SAGINUMA,2,2025-07-09 00:06:30.481,2025-07-09 00:06:30.481,TOKYU
82,MIYAMAEDAIRA,MIYAZAKIDAI,2,2025-07-09 00:06:30.481,2025-07-09 00:06:30.481,TOKYU
83,MIYAZAKIDAI,MIYAMAEDAIRA,2,2025-07-09 00:06:30.481,2025-07-09 00:06:30.481,TOKYU
84,MIYAZAKIDAI,KAJIGAYA,2,2025-07-09 00:06:30.481,2025-07-09 00:06:30.481,TOKYU
85,MIZONOKUCHI,KAJIGAYA,2,2025-07-09 00:06:30.481,2025-07-09 00:06:30.481,TOKYU
86,MIZONOKUCHI,TAKATSU,2,2025-07-09 00:06:30.481,2025-07-09 00:06:30.481,TOKYU
87,MOTOMACHICHUKAGAI,NIHONODORI,2,2025-07-09 00:06:30.481,2025-07-09 00:06:30.481,TOKYU
88,MOTOSUMIYOSHI,HIYOSHI,2,2025-07-09 00:06:30.481,2025-07-09 00:06:30.481,TOKYU
89,MOTOSUMIYOSHI,MUSASHIKOSUGI,1,2025-07-09 00:06:30.481,2025-07-09 00:06:30.481,TOKYU
90,MUSASHIKOSUGI,MOTOSUMIYOSHI,1,2025-07-09 00:06:30.481,2025-07-09 00:06:30.481,TOKYU
91,MUSASHIKOSUGI,SHINMARUKO,1,2025-07-09 00:06:30.481,2025-07-09 00:06:30.481,TOKYU
92,MUSASHIKOYAMA,NISHIKOYAMA,2,2025-07-09 00:06:30.481,2025-07-09 00:06:30.481,TOKYU
93,MUSASHIKOYAMA,FUDOMAE,1,2025-07-09 00:06:30.481,2025-07-09 00:06:30.481,TOKYU
94,MUSASHINITTA,SHIMOMARUKO,2,2025-07-09 00:06:30.481,2025-07-09 00:06:30.481,TOKYU
95,MUSASHINITTA,YAGUCHINOWATASHI,2,2025-07-09 00:06:30.481,2025-07-09 00:06:30.481,TOKYU
96,MYORENJI,HAKURAKU,2,2025-07-09 00:06:30.481,2025-07-09 00:06:30.481,TOKYU
97,MYORENJI,KIKUNA,2,2025-07-09 00:06:30.481,2025-07-09 00:06:30.481,TOKYU
98,NAGAHARA,SENZOKUIKE,2,2025-07-09 00:06:30.481,2025-07-09 00:06:30.481,TOKYU
99,NAGAHARA,HATANODAI,2,2025-07-09 00:06:30.481,2025-07-09 00:06:30.481,TOKYU
100,NAGATSUTA,TSUKUSHINO,3,2025-07-09 00:06:30.481,2025-07-09 00:06:30.481,TOKYU
101,NAGATSUTA,TANA,2,2025-07-09 00:06:30.481,2025-07-09 00:06:30.481,TOKYU
102,NAKAMEGURO,YUTENJI,2,2025-07-09 00:06:30.481,2025-07-09 00:06:30.481,TOKYU
103,NAKAMEGURO,DAIKANYAMA,2,2025-07-09 00:06:30.481,2025-07-09 00:06:30.481,TOKYU
104,NAKANOBU,EBARAMACHI,1,2025-07-09 00:06:30.481,2025-07-09 00:06:30.481,TOKYU
105,NAKANOBU,TOGOSHIKOEN,2,2025-07-09 00:06:30.481,2025-07-09 00:06:30.481,TOKYU
106,NIHONODORI,MOTOMACHICHUKAGAI,2,2025-07-09 00:06:30.481,2025-07-09 00:06:30.481,TOKYU
107,NIHONODORI,BASHAMICHI,2,2025-07-09 00:06:30.481,2025-07-09 00:06:30.481,TOKYU
108,NISHIKOYAMA,SENZOKU,2,2025-07-09 00:06:30.481,2025-07-09 00:06:30.481,TOKYU
109,NISHIKOYAMA,MUSASHIKOYAMA,2,2025-07-09 00:06:30.481,2025-07-09 00:06:30.481,TOKYU
110,NUMABE,TAMAGAWA,2,2025-07-09 00:06:30.481,2025-07-09 00:06:30.481,TOKYU
111,NUMABE,UNOKI,2,2025-07-09 00:06:30.481,2025-07-09 00:06:30.481,TOKYU
112,OIMACHI,SHIMOSHINMEI,3,2025-07-09 00:06:30.481,2025-07-09 00:06:30.481,TOKYU
113,OKURAYAMA,KIKUNA,2,2025-07-09 00:06:30.481,2025-07-09 00:06:30.481,TOKYU
114,OKURAYAMA,TSUNASHIMA,2,2025-07-09 00:06:30.481,2025-07-09 00:06:30.481,TOKYU
115,OKUSAWA,DENENCHOFU,2,2025-07-09 00:06:30.481,2025-07-09 00:06:30.481,TOKYU
116,OKUSAWA,OOKAYAMA,2,2025-07-09 00:06:30.481,2025-07-09 00:06:30.481,TOKYU
117,ONTAKESAN,KUGAHARA,2,2025-07-09 00:06:30.481,2025-07-09 00:06:30.481,TOKYU
118,ONTAKESAN,YUKIGAYAOTSUKA,1,2025-07-09 00:06:30.481,2025-07-09 00:06:30.481,TOKYU
119,OOKAYAMA,MIDORIGAOKA,1,2025-07-09 00:06:30.481,2025-07-09 00:06:30.481,TOKYU
120,OOKAYAMA,KITASENZOKU,2,2025-07-09 00:06:30.481,2025-07-09 00:06:30.481,TOKYU
121,OOKAYAMA,OKUSAWA,2,2025-07-09 00:06:30.481,2025-07-09 00:06:30.481,TOKYU
122,OOKAYAMA,SENZOKU,2,2025-07-09 00:06:30.481,2025-07-09 00:06:30.481,TOKYU
123,OSAKIHIROKOJI,TOGOSHIGINZA,2,2025-07-09 00:06:30.481,2025-07-09 00:06:30.481,TOKYU
124,OSAKIHIROKOJI,GOTANDA,2,2025-07-09 00:06:30.481,2025-07-09 00:06:30.481,TOKYU
125,OYAMADAI,TODOROKI,2,2025-07-09 00:06:30.481,2025-07-09 00:06:30.481,TOKYU
126,OYAMADAI,KUHONBUTSU,2,2025-07-09 00:06:30.481,2025-07-09 00:06:30.481,TOKYU
127,SAGINUMA,TAMAPLAZA,2,2025-07-09 00:06:30.481,2025-07-09 00:06:30.481,TOKYU
128,SAGINUMA,MIYAMAEDAIRA,2,2025-07-09 00:06:30.481,2025-07-09 00:06:30.481,TOKYU
129,SAKURASHINMACHI,YOGA,2,2025-07-09 00:06:30.481,2025-07-09 00:06:30.481,TOKYU
130,SAKURASHINMACHI,KOMAZAWADAIGAKU,3,2025-07-09 00:06:30.481,2025-07-09 00:06:30.481,TOKYU
131,SANGENJAYA,KOMAZAWADAIGAKU,2,2025-07-09 00:06:30.481,2025-07-09 00:06:30.481,TOKYU
132,SANGENJAYA,IKEJIRIOHASHI,3,2025-07-09 00:06:30.481,2025-07-09 00:06:30.481,TOKYU
133,SENZOKU,OOKAYAMA,2,2025-07-09 00:06:30.481,2025-07-09 00:06:30.481,TOKYU
134,SENZOKU,NISHIKOYAMA,2,2025-07-09 00:06:30.481,2025-07-09 00:06:30.481,TOKYU
135,SENZOKUIKE,ISHIKAWADAI,1,2025-07-09 00:06:30.481,2025-07-09 00:06:30.481,TOKYU
136,SENZOKUIKE,NAGAHARA,2,2025-07-09 00:06:30.481,2025-07-09 00:06:30.481,TOKYU
137,SHIBUYA,DAIKANYAMA,2,2025-07-09 00:06:30.481,2025-07-09 00:06:30.481,TOKYU
138,SHIBUYA,IKEJIRIOHASHI,3,2025-07-09 00:06:30.481,2025-07-09 00:06:30.481,TOKYU
139,SHIMOMARUKO,UNOKI,2,2025-07-09 00:06:30.481,2025-07-09 00:06:30.481,TOKYU
140,SHIMOMARUKO,MUSASHINITTA,2,2025-07-09 00:06:30.481,2025-07-09 00:06:30.481,TOKYU
141,SHIMOSHINMEI,TOGOSHIKOEN,2,2025-07-09 00:06:30.481,2025-07-09 00:06:30.481,TOKYU
142,SHIMOSHINMEI,OIMACHI,3,2025-07-09 00:06:30.481,2025-07-09 00:06:30.481,TOKYU
143,SHINMARUKO,MUSASHIKOSUGI,1,2025-07-09 00:06:30.481,2025-07-09 00:06:30.481,TOKYU
144,SHINMARUKO,TAMAGAWA,2,2025-07-09 00:06:30.481,2025-07-09 00:06:30.481,TOKYU
145,SHINTAKASHIMA,MINATOMIRAI,2,2025-07-09 00:06:30.481,2025-07-09 00:06:30.481,TOKYU
146,SHINTAKASHIMA,YOKOHAMA,2,2025-07-09 00:06:30.481,2025-07-09 00:06:30.481,TOKYU
147,SHINTSUNASHIMA,HIYOSHI,3,2025-07-09 00:06:30.481,2025-07-09 00:06:30.481,TOKYU
148,SHINTSUNASHIMA,SHINYOKOHAMA,4,2025-07-09 00:06:30.481,2025-07-09 00:06:30.481,TOKYU
149,SHINYOKOHAMA,SHINTSUNASHIMA,4,2025-07-09 00:06:30.481,2025-07-09 00:06:30.481,TOKYU
150,SUZUKAKEDAI,MINAMIMACHIDAGRANBERRYPARK,2,2025-07-09 00:06:30.481,2025-07-09 00:06:30.481,TOKYU
151,SUZUKAKEDAI,TSUKUSHINO,2,2025-07-09 00:06:30.481,2025-07-09 00:06:30.481,TOKYU
152,TAKATSU,MIZONOKUCHI,2,2025-07-09 00:06:30.481,2025-07-09 00:06:30.481,TOKYU
153,TAKATSU,FUTAKOSHINCHI,1,2025-07-09 00:06:30.481,2025-07-09 00:06:30.481,TOKYU
154,TAMAGAWA,SHINMARUKO,2,2025-07-09 00:06:30.481,2025-07-09 00:06:30.481,TOKYU
155,TAMAGAWA,DENENCHOFU,2,2025-07-09 00:06:30.481,2025-07-09 00:06:30.481,TOKYU
156,TAMAGAWA,NUMABE,2,2025-07-09 00:06:30.481,2025-07-09 00:06:30.481,TOKYU
157,TAMAPLAZA,AZAMINO,1,2025-07-09 00:06:30.481,2025-07-09 00:06:30.481,TOKYU
158,TAMAPLAZA,SAGINUMA,2,2025-07-09 00:06:30.481,2025-07-09 00:06:30.481,TOKYU
159,TANA,NAGATSUTA,2,2025-07-09 00:06:30.481,2025-07-09 00:06:30.481,TOKYU
160,TANA,AOBADAI,2,2025-07-09 00:06:30.481,2025-07-09 00:06:30.481,TOKYU
161,TANMACHI,YOKOHAMA,1,2025-07-09 00:06:30.481,2025-07-09 00:06:30.481,TOKYU
162,TANMACHI,HIGASHIHAKURAKU,2,2025-07-09 00:06:30.481,2025-07-09 00:06:30.481,TOKYU
163,TODOROKI,KAMINOGE,2,2025-07-09 00:06:30.481,2025-07-09 00:06:30.481,TOKYU
164,TODOROKI,OYAMADAI,2,2025-07-09 00:06:30.481,2025-07-09 00:06:30.481,TOKYU
165,TOGOSHIGINZA,EBARANAKANOBU,2,2025-07-09 00:06:30.481,2025-07-09 00:06:30.481,TOKYU
166,TOGOSHIGINZA,OSAKIHIROKOJI,2,2025-07-09 00:06:30.481,2025-07-09 00:06:30.481,TOKYU
167,TOGOSHIKOEN,NAKANOBU,2,2025-07-09 00:06:30.481,2025-07-09 00:06:30.481,TOKYU
168,TOGOSHIKOEN,SHIMOSHINMEI,2,2025-07-09 00:06:30.481,2025-07-09 00:06:30.481,TOKYU
169,TORITSUDAIGAKU,JIYUGAOKA,2,2025-07-09 00:06:30.481,2025-07-09 00:06:30.481,TOKYU
170,TORITSUDAIGAKU,GAKUGEIDAIGAKU,2,2025-07-09 00:06:30.481,2025-07-09 00:06:30.481,TOKYU
171,TSUKIMINO,CHUORINKAN,2,2025-07-09 00:06:30.481,2025-07-09 00:06:30.481,TOKYU
172,TSUKIMINO,MINAMIMACHIDAGRANBERRYPARK,1,2025-07-09 00:06:30.481,2025-07-09 00:06:30.481,TOKYU
173,TSUKUSHINO,SUZUKAKEDAI,2,2025-07-09 00:06:30.481,2025-07-09 00:06:30.481,TOKYU
174,TSUKUSHINO,NAGATSUTA,3,2025-07-09 00:06:30.481,2025-07-09 00:06:30.481,TOKYU
175,TSUNASHIMA,OKURAYAMA,2,2025-07-09 00:06:30.481,2025-07-09 00:06:30.481,TOKYU
176,TSUNASHIMA,HIYOSHI,2,2025-07-09 00:06:30.481,2025-07-09 00:06:30.481,TOKYU
177,UNOKI,NUMABE,2,2025-07-09 00:06:30.481,2025-07-09 00:06:30.481,TOKYU
178,UNOKI,SHIMOMARUKO,2,2025-07-09 00:06:30.481,2025-07-09 00:06:30.481,TOKYU
179,YAGUCHINOWATASHI,MUSASHINITTA,2,2025-07-09 00:06:30.481,2025-07-09 00:06:30.481,TOKYU
180,YAGUCHINOWATASHI,KAMATA,2,2025-07-09 00:06:30.481,2025-07-09 00:06:30.481,TOKYU
181,YOGA,FUTAKOTAMAGAWA,3,2025-07-09 00:06:30.481,2025-07-09 00:06:30.481,TOKYU
182,YOGA,SAKURASHINMACHI,2,2025-07-09 00:06:30.481,2025-07-09 00:06:30.481,TOKYU
183,YOKOHAMA,SHINTAKASHIMA,2,2025-07-09 00:06:30.481,2025-07-09 00:06:30.481,TOKYU
184,YOKOHAMA,TANMACHI,1,2025-07-09 00:06:30.481,2025-07-09 00:06:30.481,TOKYU
185,YUKIGAYAOTSUKA,ONTAKESAN,1,2025-07-09 00:06:30.481,2025-07-09 00:06:30.481,TOKYU
186,YUKIGAYAOTSUKA,ISHIKAWADAI,2,2025-07-09 00:06:30.481,2025-07-09 00:06:30.481,TOKYU
187,YUTENJI,GAKUGEIDAIGAKU,2,2025-07-09 00:06:30.481,2025-07-09 00:06:30.481,TOKYU
188,YUTENJI,NAKAMEGURO,2,2025-07-09 00:06:30.481,2025-07-09 00:06:30.481,TOKYU
189,DUMMY_STATION,DUMMY_NEARBY_STATION,2,2025-07-24 15:00:00,2025-07-24 15:00:00,DUMMY
190,DUMMY_NEARBY_STATION,DUMMY_STATION,2,2025-07-24 15:00:00,2025-07-24 15:00:00,DUMMY
567,TOKYU_V2_AOBADAI,TOKYU_V2_TANA,2,2025-09-17 11:13:32.426,2025-09-17 11:13:32.426,TOKYU_V2
568,TOKYU_V2_AOBADAI,TOKYU_V2_FUJIGAOKA,1,2025-09-17 11:13:32.426,2025-09-17 11:13:32.426,TOKYU_V2
569,TOKYU_V2_AZAMINO,TOKYU_V2_EDA,2,2025-09-17 11:13:32.426,2025-09-17 11:13:32.426,TOKYU_V2
570,TOKYU_V2_AZAMINO,TOKYU_V2_TAMAPLAZA,1,2025-09-17 11:13:32.426,2025-09-17 11:13:32.426,TOKYU_V2
571,TOKYU_V2_BASHAMICHI,TOKYU_V2_NIHONODORI,2,2025-09-17 11:13:32.426,2025-09-17 11:13:32.426,TOKYU_V2
572,TOKYU_V2_BASHAMICHI,TOKYU_V2_MINATOMIRAI,2,2025-09-17 11:13:32.426,2025-09-17 11:13:32.426,TOKYU_V2
573,TOKYU_V2_CHIDORICHO,TOKYU_V2_IKEGAMI,2,2025-09-17 11:13:32.426,2025-09-17 11:13:32.426,TOKYU_V2
574,TOKYU_V2_CHIDORICHO,TOKYU_V2_KUGAHARA,1,2025-09-17 11:13:32.426,2025-09-17 11:13:32.426,TOKYU_V2
575,TOKYU_V2_CHUORINKAN,TOKYU_V2_TSUKIMINO,2,2025-09-17 11:13:32.426,2025-09-17 11:13:32.426,TOKYU_V2
576,TOKYU_V2_DAIKANYAMA,TOKYU_V2_NAKAMEGURO,2,2025-09-17 11:13:32.426,2025-09-17 11:13:32.426,TOKYU_V2
577,TOKYU_V2_DAIKANYAMA,TOKYU_V2_SHIBUYA,2,2025-09-17 11:13:32.426,2025-09-17 11:13:32.426,TOKYU_V2
578,TOKYU_V2_DENENCHOFU,TOKYU_V2_TAMAGAWA,2,2025-09-17 11:13:32.426,2025-09-17 11:13:32.426,TOKYU_V2
579,TOKYU_V2_DENENCHOFU,TOKYU_V2_JIYUGAOKA,2,2025-09-17 11:13:32.426,2025-09-17 11:13:32.426,TOKYU_V2
580,TOKYU_V2_DENENCHOFU,TOKYU_V2_OKUSAWA,2,2025-09-17 11:13:32.426,2025-09-17 11:13:32.426,TOKYU_V2
581,TOKYU_V2_EBARAMACHI,TOKYU_V2_HATANODAI,2,2025-09-17 11:13:32.426,2025-09-17 11:13:32.426,TOKYU_V2
582,TOKYU_V2_EBARAMACHI,TOKYU_V2_NAKANOBU,1,2025-09-17 11:13:32.426,2025-09-17 11:13:32.426,TOKYU_V2
583,TOKYU_V2_EBARANAKANOBU,TOKYU_V2_HATANODAI,1,2025-09-17 11:13:32.426,2025-09-17 11:13:32.426,TOKYU_V2
584,TOKYU_V2_EBARANAKANOBU,TOKYU_V2_TOGOSHIGINZA,2,2025-09-17 11:13:32.426,2025-09-17 11:13:32.426,TOKYU_V2
585,TOKYU_V2_EDA,TOKYU_V2_ICHIGAO,2,2025-09-17 11:13:32.426,2025-09-17 11:13:32.426,TOKYU_V2
586,TOKYU_V2_EDA,TOKYU_V2_AZAMINO,2,2025-09-17 11:13:32.426,2025-09-17 11:13:32.426,TOKYU_V2
587,TOKYU_V2_FUDOMAE,TOKYU_V2_MUSASHIKOYAMA,1,2025-09-17 11:13:32.426,2025-09-17 11:13:32.426,TOKYU_V2
588,TOKYU_V2_FUDOMAE,TOKYU_V2_MEGURO,2,2025-09-17 11:13:32.426,2025-09-17 11:13:32.426,TOKYU_V2
589,TOKYU_V2_FUJIGAOKA,TOKYU_V2_AOBADAI,1,2025-09-17 11:13:32.426,2025-09-17 11:13:32.426,TOKYU_V2
590,TOKYU_V2_FUJIGAOKA,TOKYU_V2_ICHIGAO,2,2025-09-17 11:13:32.426,2025-09-17 11:13:32.426,TOKYU_V2
591,TOKYU_V2_FUTAKOSHINCHI,TOKYU_V2_TAKATSU,1,2025-09-17 11:13:32.426,2025-09-17 11:13:32.426,TOKYU_V2
592,TOKYU_V2_FUTAKOSHINCHI,TOKYU_V2_FUTAKOTAMAGAWA,2,2025-09-17 11:13:32.426,2025-09-17 11:13:32.426,TOKYU_V2
593,TOKYU_V2_FUTAKOTAMAGAWA,TOKYU_V2_FUTAKOSHINCHI,2,2025-09-17 11:13:32.426,2025-09-17 11:13:32.426,TOKYU_V2
594,TOKYU_V2_FUTAKOTAMAGAWA,TOKYU_V2_YOGA,3,2025-09-17 11:13:32.426,2025-09-17 11:13:32.426,TOKYU_V2
595,TOKYU_V2_FUTAKOTAMAGAWA,TOKYU_V2_KAMINOGE,2,2025-09-17 11:13:32.426,2025-09-17 11:13:32.426,TOKYU_V2
596,TOKYU_V2_GAKUGEIDAIGAKU,TOKYU_V2_TORITSUDAIGAKU,2,2025-09-17 11:13:32.426,2025-09-17 11:13:32.426,TOKYU_V2
597,TOKYU_V2_GAKUGEIDAIGAKU,TOKYU_V2_YUTENJI,2,2025-09-17 11:13:32.426,2025-09-17 11:13:32.426,TOKYU_V2
598,TOKYU_V2_GOTANDA,TOKYU_V2_OSAKIHIROKOJI,2,2025-09-17 11:13:32.426,2025-09-17 11:13:32.426,TOKYU_V2
599,TOKYU_V2_HAKURAKU,TOKYU_V2_HIGASHIHAKURAKU,2,2025-09-17 11:13:32.426,2025-09-17 11:13:32.426,TOKYU_V2
600,TOKYU_V2_HAKURAKU,TOKYU_V2_MYORENJI,2,2025-09-17 11:13:32.426,2025-09-17 11:13:32.426,TOKYU_V2
601,TOKYU_V2_HASUNUMA,TOKYU_V2_KAMATA,2,2025-09-17 11:13:32.426,2025-09-17 11:13:32.426,TOKYU_V2
602,TOKYU_V2_HASUNUMA,TOKYU_V2_IKEGAMI,2,2025-09-17 11:13:32.426,2025-09-17 11:13:32.426,TOKYU_V2
603,TOKYU_V2_HATANODAI,TOKYU_V2_KITASENZOKU,2,2025-09-17 11:13:32.426,2025-09-17 11:13:32.426,TOKYU_V2
604,TOKYU_V2_HATANODAI,TOKYU_V2_EBARAMACHI,2,2025-09-17 11:13:32.426,2025-09-17 11:13:32.426,TOKYU_V2
605,TOKYU_V2_HATANODAI,TOKYU_V2_NAGAHARA,2,2025-09-17 11:13:32.426,2025-09-17 11:13:32.426,TOKYU_V2
606,TOKYU_V2_HATANODAI,TOKYU_V2_EBARANAKANOBU,1,2025-09-17 11:13:32.426,2025-09-17 11:13:32.426,TOKYU_V2
607,TOKYU_V2_HIGASHIHAKURAKU,TOKYU_V2_TANMACHI,2,2025-09-17 11:13:32.426,2025-09-17 11:13:32.426,TOKYU_V2
608,TOKYU_V2_HIGASHIHAKURAKU,TOKYU_V2_HAKURAKU,2,2025-09-17 11:13:32.426,2025-09-17 11:13:32.426,TOKYU_V2
609,TOKYU_V2_HIYOSHI,TOKYU_V2_TSUNASHIMA,2,2025-09-17 11:13:32.426,2025-09-17 11:13:32.426,TOKYU_V2
610,TOKYU_V2_HIYOSHI,TOKYU_V2_MOTOSUMIYOSHI,2,2025-09-17 11:13:32.426,2025-09-17 11:13:32.426,TOKYU_V2
611,TOKYU_V2_HIYOSHI,TOKYU_V2_SHINTSUNASHIMA,3,2025-09-17 11:13:32.426,2025-09-17 11:13:32.426,TOKYU_V2
612,TOKYU_V2_ICHIGAO,TOKYU_V2_FUJIGAOKA,2,2025-09-17 11:13:32.426,2025-09-17 11:13:32.426,TOKYU_V2
613,TOKYU_V2_ICHIGAO,TOKYU_V2_EDA,2,2025-09-17 11:13:32.426,2025-09-17 11:13:32.426,TOKYU_V2
614,TOKYU_V2_IKEGAMI,TOKYU_V2_HASUNUMA,2,2025-09-17 11:13:32.426,2025-09-17 11:13:32.426,TOKYU_V2
615,TOKYU_V2_IKEGAMI,TOKYU_V2_CHIDORICHO,2,2025-09-17 11:13:32.426,2025-09-17 11:13:32.426,TOKYU_V2
616,TOKYU_V2_IKEJIRIOHASHI,TOKYU_V2_SANGENJAYA,3,2025-09-17 11:13:32.426,2025-09-17 11:13:32.426,TOKYU_V2
617,TOKYU_V2_IKEJIRIOHASHI,TOKYU_V2_SHIBUYA,3,2025-09-17 11:13:32.426,2025-09-17 11:13:32.426,TOKYU_V2
618,TOKYU_V2_ISHIKAWADAI,TOKYU_V2_YUKIGAYAOTSUKA,2,2025-09-17 11:13:32.426,2025-09-17 11:13:32.426,TOKYU_V2
619,TOKYU_V2_ISHIKAWADAI,TOKYU_V2_SENZOKUIKE,1,2025-09-17 11:13:32.426,2025-09-17 11:13:32.426,TOKYU_V2
620,TOKYU_V2_JIYUGAOKA,TOKYU_V2_DENENCHOFU,2,2025-09-17 11:13:32.426,2025-09-17 11:13:32.426,TOKYU_V2
621,TOKYU_V2_JIYUGAOKA,TOKYU_V2_TORITSUDAIGAKU,2,2025-09-17 11:13:32.426,2025-09-17 11:13:32.426,TOKYU_V2
622,TOKYU_V2_JIYUGAOKA,TOKYU_V2_KUHONBUTSU,2,2025-09-17 11:13:32.426,2025-09-17 11:13:32.426,TOKYU_V2
623,TOKYU_V2_JIYUGAOKA,TOKYU_V2_MIDORIGAOKA,2,2025-09-17 11:13:32.426,2025-09-17 11:13:32.426,TOKYU_V2
624,TOKYU_V2_KAJIGAYA,TOKYU_V2_MIYAZAKIDAI,2,2025-09-17 11:13:32.426,2025-09-17 11:13:32.426,TOKYU_V2
625,TOKYU_V2_KAJIGAYA,TOKYU_V2_MIZONOKUCHI,2,2025-09-17 11:13:32.426,2025-09-17 11:13:32.426,TOKYU_V2
626,TOKYU_V2_KAMATA,TOKYU_V2_YAGUCHINOWATASHI,2,2025-09-17 11:13:32.426,2025-09-17 11:13:32.426,TOKYU_V2
627,TOKYU_V2_KAMATA,TOKYU_V2_HASUNUMA,2,2025-09-17 11:13:32.426,2025-09-17 11:13:32.426,TOKYU_V2
628,TOKYU_V2_KAMINOGE,TOKYU_V2_FUTAKOTAMAGAWA,2,2025-09-17 11:13:32.426,2025-09-17 11:13:32.426,TOKYU_V2
629,TOKYU_V2_KAMINOGE,TOKYU_V2_TODOROKI,2,2025-09-17 11:13:32.426,2025-09-17 11:13:32.426,TOKYU_V2
630,TOKYU_V2_KIKUNA,TOKYU_V2_MYORENJI,2,2025-09-17 11:13:32.426,2025-09-17 11:13:32.426,TOKYU_V2
631,TOKYU_V2_KIKUNA,TOKYU_V2_OKURAYAMA,2,2025-09-17 11:13:32.426,2025-09-17 11:13:32.426,TOKYU_V2
632,TOKYU_V2_KITASENZOKU,TOKYU_V2_OOKAYAMA,2,2025-09-17 11:13:32.426,2025-09-17 11:13:32.426,TOKYU_V2
633,TOKYU_V2_KITASENZOKU,TOKYU_V2_HATANODAI,2,2025-09-17 11:13:32.426,2025-09-17 11:13:32.426,TOKYU_V2
634,TOKYU_V2_KOMAZAWADAIGAKU,TOKYU_V2_SAKURASHINMACHI,3,2025-09-17 11:13:32.426,2025-09-17 11:13:32.426,TOKYU_V2
635,TOKYU_V2_KOMAZAWADAIGAKU,TOKYU_V2_SANGENJAYA,2,2025-09-17 11:13:32.426,2025-09-17 11:13:32.426,TOKYU_V2
636,TOKYU_V2_KUGAHARA,TOKYU_V2_CHIDORICHO,1,2025-09-17 11:13:32.426,2025-09-17 11:13:32.426,TOKYU_V2
637,TOKYU_V2_KUGAHARA,TOKYU_V2_ONTAKESAN,2,2025-09-17 11:13:32.426,2025-09-17 11:13:32.426,TOKYU_V2
638,TOKYU_V2_KUHONBUTSU,TOKYU_V2_OYAMADAI,2,2025-09-17 11:13:32.426,2025-09-17 11:13:32.426,TOKYU_V2
639,TOKYU_V2_KUHONBUTSU,TOKYU_V2_JIYUGAOKA,2,2025-09-17 11:13:32.426,2025-09-17 11:13:32.426,TOKYU_V2
640,TOKYU_V2_MEGURO,TOKYU_V2_FUDOMAE,2,2025-09-17 11:13:32.426,2025-09-17 11:13:32.426,TOKYU_V2
641,TOKYU_V2_MIDORIGAOKA,TOKYU_V2_JIYUGAOKA,2,2025-09-17 11:13:32.426,2025-09-17 11:13:32.426,TOKYU_V2
642,TOKYU_V2_MIDORIGAOKA,TOKYU_V2_OOKAYAMA,1,2025-09-17 11:13:32.426,2025-09-17 11:13:32.426,TOKYU_V2
643,TOKYU_V2_MINAMIMACHIDAGRANBERRYPARK,TOKYU_V2_TSUKIMINO,1,2025-09-17 11:13:32.426,2025-09-17 11:13:32.426,TOKYU_V2
644,TOKYU_V2_MINAMIMACHIDAGRANBERRYPARK,TOKYU_V2_SUZUKAKEDAI,2,2025-09-17 11:13:32.426,2025-09-17 11:13:32.426,TOKYU_V2
645,TOKYU_V2_MINATOMIRAI,TOKYU_V2_BASHAMICHI,2,2025-09-17 11:13:32.426,2025-09-17 11:13:32.426,TOKYU_V2
646,TOKYU_V2_MINATOMIRAI,TOKYU_V2_SHINTAKASHIMA,2,2025-09-17 11:13:32.426,2025-09-17 11:13:32.426,TOKYU_V2
647,TOKYU_V2_MIYAMAEDAIRA,TOKYU_V2_SAGINUMA,2,2025-09-17 11:13:32.426,2025-09-17 11:13:32.426,TOKYU_V2
648,TOKYU_V2_MIYAMAEDAIRA,TOKYU_V2_MIYAZAKIDAI,2,2025-09-17 11:13:32.426,2025-09-17 11:13:32.426,TOKYU_V2
649,TOKYU_V2_MIYAZAKIDAI,TOKYU_V2_MIYAMAEDAIRA,2,2025-09-17 11:13:32.426,2025-09-17 11:13:32.426,TOKYU_V2
650,TOKYU_V2_MIYAZAKIDAI,TOKYU_V2_KAJIGAYA,2,2025-09-17 11:13:32.426,2025-09-17 11:13:32.426,TOKYU_V2
651,TOKYU_V2_MIZONOKUCHI,TOKYU_V2_KAJIGAYA,2,2025-09-17 11:13:32.426,2025-09-17 11:13:32.426,TOKYU_V2
652,TOKYU_V2_MIZONOKUCHI,TOKYU_V2_TAKATSU,2,2025-09-17 11:13:32.426,2025-09-17 11:13:32.426,TOKYU_V2
653,TOKYU_V2_MOTOMACHICHUKAGAI,TOKYU_V2_NIHONODORI,2,2025-09-17 11:13:32.426,2025-09-17 11:13:32.426,TOKYU_V2
654,TOKYU_V2_MOTOSUMIYOSHI,TOKYU_V2_HIYOSHI,2,2025-09-17 11:13:32.426,2025-09-17 11:13:32.426,TOKYU_V2
655,TOKYU_V2_MOTOSUMIYOSHI,TOKYU_V2_MUSASHIKOSUGI,1,2025-09-17 11:13:32.426,2025-09-17 11:13:32.426,TOKYU_V2
656,TOKYU_V2_MUSASHIKOSUGI,TOKYU_V2_MOTOSUMIYOSHI,1,2025-09-17 11:13:32.426,2025-09-17 11:13:32.426,TOKYU_V2
657,TOKYU_V2_MUSASHIKOSUGI,TOKYU_V2_SHINMARUKO,1,2025-09-17 11:13:32.426,2025-09-17 11:13:32.426,TOKYU_V2
658,TOKYU_V2_MUSASHIKOYAMA,TOKYU_V2_NISHIKOYAMA,2,2025-09-17 11:13:32.426,2025-09-17 11:13:32.426,TOKYU_V2
659,TOKYU_V2_MUSASHIKOYAMA,TOKYU_V2_FUDOMAE,1,2025-09-17 11:13:32.426,2025-09-17 11:13:32.426,TOKYU_V2
660,TOKYU_V2_MUSASHINITTA,TOKYU_V2_SHIMOMARUKO,2,2025-09-17 11:13:32.426,2025-09-17 11:13:32.426,TOKYU_V2
661,TOKYU_V2_MUSASHINITTA,TOKYU_V2_YAGUCHINOWATASHI,2,2025-09-17 11:13:32.426,2025-09-17 11:13:32.426,TOKYU_V2
662,TOKYU_V2_MYORENJI,TOKYU_V2_HAKURAKU,2,2025-09-17 11:13:32.426,2025-09-17 11:13:32.426,TOKYU_V2
663,TOKYU_V2_MYORENJI,TOKYU_V2_KIKUNA,2,2025-09-17 11:13:32.426,2025-09-17 11:13:32.426,TOKYU_V2
664,TOKYU_V2_NAGAHARA,TOKYU_V2_SENZOKUIKE,2,2025-09-17 11:13:32.426,2025-09-17 11:13:32.426,TOKYU_V2
665,TOKYU_V2_NAGAHARA,TOKYU_V2_HATANODAI,2,2025-09-17 11:13:32.426,2025-09-17 11:13:32.426,TOKYU_V2
666,TOKYU_V2_NAGATSUTA,TOKYU_V2_TSUKUSHINO,3,2025-09-17 11:13:32.426,2025-09-17 11:13:32.426,TOKYU_V2
667,TOKYU_V2_NAGATSUTA,TOKYU_V2_TANA,2,2025-09-17 11:13:32.426,2025-09-17 11:13:32.426,TOKYU_V2
668,TOKYU_V2_NAKAMEGURO,TOKYU_V2_YUTENJI,2,2025-09-17 11:13:32.426,2025-09-17 11:13:32.426,TOKYU_V2
669,TOKYU_V2_NAKAMEGURO,TOKYU_V2_DAIKANYAMA,2,2025-09-17 11:13:32.426,2025-09-17 11:13:32.426,TOKYU_V2
670,TOKYU_V2_NAKANOBU,TOKYU_V2_EBARAMACHI,1,2025-09-17 11:13:32.426,2025-09-17 11:13:32.426,TOKYU_V2
671,TOKYU_V2_NAKANOBU,TOKYU_V2_TOGOSHIKOEN,2,2025-09-17 11:13:32.426,2025-09-17 11:13:32.426,TOKYU_V2
672,TOKYU_V2_NIHONODORI,TOKYU_V2_MOTOMACHICHUKAGAI,2,2025-09-17 11:13:32.426,2025-09-17 11:13:32.426,TOKYU_V2
673,TOKYU_V2_NIHONODORI,TOKYU_V2_BASHAMICHI,2,2025-09-17 11:13:32.426,2025-09-17 11:13:32.426,TOKYU_V2
674,TOKYU_V2_NISHIKOYAMA,TOKYU_V2_SENZOKU,2,2025-09-17 11:13:32.426,2025-09-17 11:13:32.426,TOKYU_V2
675,TOKYU_V2_NISHIKOYAMA,TOKYU_V2_MUSASHIKOYAMA,2,2025-09-17 11:13:32.426,2025-09-17 11:13:32.426,TOKYU_V2
676,TOKYU_V2_NUMABE,TOKYU_V2_TAMAGAWA,2,2025-09-17 11:13:32.426,2025-09-17 11:13:32.426,TOKYU_V2
677,TOKYU_V2_NUMABE,TOKYU_V2_UNOKI,2,2025-09-17 11:13:32.426,2025-09-17 11:13:32.426,TOKYU_V2
678,TOKYU_V2_OIMACHI,TOKYU_V2_SHIMOSHINMEI,3,2025-09-17 11:13:32.426,2025-09-17 11:13:32.426,TOKYU_V2
679,TOKYU_V2_OKURAYAMA,TOKYU_V2_KIKUNA,2,2025-09-17 11:13:32.426,2025-09-17 11:13:32.426,TOKYU_V2
680,TOKYU_V2_OKURAYAMA,TOKYU_V2_TSUNASHIMA,2,2025-09-17 11:13:32.426,2025-09-17 11:13:32.426,TOKYU_V2
681,TOKYU_V2_OKUSAWA,TOKYU_V2_DENENCHOFU,2,2025-09-17 11:13:32.426,2025-09-17 11:13:32.426,TOKYU_V2
682,TOKYU_V2_OKUSAWA,TOKYU_V2_OOKAYAMA,2,2025-09-17 11:13:32.426,2025-09-17 11:13:32.426,TOKYU_V2
683,TOKYU_V2_ONTAKESAN,TOKYU_V2_KUGAHARA,2,2025-09-17 11:13:32.426,2025-09-17 11:13:32.426,TOKYU_V2
684,TOKYU_V2_ONTAKESAN,TOKYU_V2_YUKIGAYAOTSUKA,1,2025-09-17 11:13:32.426,2025-09-17 11:13:32.426,TOKYU_V2
685,TOKYU_V2_OOKAYAMA,TOKYU_V2_MIDORIGAOKA,1,2025-09-17 11:13:32.426,2025-09-17 11:13:32.426,TOKYU_V2
686,TOKYU_V2_OOKAYAMA,TOKYU_V2_KITASENZOKU,2,2025-09-17 11:13:32.426,2025-09-17 11:13:32.426,TOKYU_V2
687,TOKYU_V2_OOKAYAMA,TOKYU_V2_OKUSAWA,2,2025-09-17 11:13:32.426,2025-09-17 11:13:32.426,TOKYU_V2
688,TOKYU_V2_OOKAYAMA,TOKYU_V2_SENZOKU,2,2025-09-17 11:13:32.426,2025-09-17 11:13:32.426,TOKYU_V2
689,TOKYU_V2_OSAKIHIROKOJI,TOKYU_V2_TOGOSHIGINZA,2,2025-09-17 11:13:32.426,2025-09-17 11:13:32.426,TOKYU_V2
690,TOKYU_V2_OSAKIHIROKOJI,TOKYU_V2_GOTANDA,2,2025-09-17 11:13:32.426,2025-09-17 11:13:32.426,TOKYU_V2
691,TOKYU_V2_OYAMADAI,TOKYU_V2_TODOROKI,2,2025-09-17 11:13:32.426,2025-09-17 11:13:32.426,TOKYU_V2
692,TOKYU_V2_OYAMADAI,TOKYU_V2_KUHONBUTSU,2,2025-09-17 11:13:32.426,2025-09-17 11:13:32.426,TOKYU_V2
693,TOKYU_V2_SAGINUMA,TOKYU_V2_TAMAPLAZA,2,2025-09-17 11:13:32.426,2025-09-17 11:13:32.426,TOKYU_V2
694,TOKYU_V2_SAGINUMA,TOKYU_V2_MIYAMAEDAIRA,2,2025-09-17 11:13:32.426,2025-09-17 11:13:32.426,TOKYU_V2
695,TOKYU_V2_SAKURASHINMACHI,TOKYU_V2_YOGA,2,2025-09-17 11:13:32.426,2025-09-17 11:13:32.426,TOKYU_V2
696,TOKYU_V2_SAKURASHINMACHI,TOKYU_V2_KOMAZAWADAIGAKU,3,2025-09-17 11:13:32.426,2025-09-17 11:13:32.426,TOKYU_V2
697,TOKYU_V2_SANGENJAYA,TOKYU_V2_KOMAZAWADAIGAKU,2,2025-09-17 11:13:32.426,2025-09-17 11:13:32.426,TOKYU_V2
698,TOKYU_V2_SANGENJAYA,TOKYU_V2_IKEJIRIOHASHI,3,2025-09-17 11:13:32.426,2025-09-17 11:13:32.426,TOKYU_V2
699,TOKYU_V2_SENZOKU,TOKYU_V2_OOKAYAMA,2,2025-09-17 11:13:32.426,2025-09-17 11:13:32.426,TOKYU_V2
700,TOKYU_V2_SENZOKU,TOKYU_V2_NISHIKOYAMA,2,2025-09-17 11:13:32.426,2025-09-17 11:13:32.426,TOKYU_V2
701,TOKYU_V2_SENZOKUIKE,TOKYU_V2_ISHIKAWADAI,1,2025-09-17 11:13:32.426,2025-09-17 11:13:32.426,TOKYU_V2
702,TOKYU_V2_SENZOKUIKE,TOKYU_V2_NAGAHARA,2,2025-09-17 11:13:32.426,2025-09-17 11:13:32.426,TOKYU_V2
703,TOKYU_V2_SHIBUYA,TOKYU_V2_DAIKANYAMA,2,2025-09-17 11:13:32.426,2025-09-17 11:13:32.426,TOKYU_V2
704,TOKYU_V2_SHIBUYA,TOKYU_V2_IKEJIRIOHASHI,3,2025-09-17 11:13:32.426,2025-09-17 11:13:32.426,TOKYU_V2
705,TOKYU_V2_SHIMOMARUKO,TOKYU_V2_UNOKI,2,2025-09-17 11:13:32.426,2025-09-17 11:13:32.426,TOKYU_V2
706,TOKYU_V2_SHIMOMARUKO,TOKYU_V2_MUSASHINITTA,2,2025-09-17 11:13:32.426,2025-09-17 11:13:32.426,TOKYU_V2
707,TOKYU_V2_SHIMOSHINMEI,TOKYU_V2_TOGOSHIKOEN,2,2025-09-17 11:13:32.426,2025-09-17 11:13:32.426,TOKYU_V2
708,TOKYU_V2_SHIMOSHINMEI,TOKYU_V2_OIMACHI,3,2025-09-17 11:13:32.426,2025-09-17 11:13:32.426,TOKYU_V2
709,TOKYU_V2_SHINMARUKO,TOKYU_V2_MUSASHIKOSUGI,1,2025-09-17 11:13:32.426,2025-09-17 11:13:32.426,TOKYU_V2
710,TOKYU_V2_SHINMARUKO,TOKYU_V2_TAMAGAWA,2,2025-09-17 11:13:32.426,2025-09-17 11:13:32.426,TOKYU_V2
711,TOKYU_V2_SHINTAKASHIMA,TOKYU_V2_MINATOMIRAI,2,2025-09-17 11:13:32.426,2025-09-17 11:13:32.426,TOKYU_V2
712,TOKYU_V2_SHINTAKASHIMA,TOKYU_V2_YOKOHAMA,2,2025-09-17 11:13:32.426,2025-09-17 11:13:32.426,TOKYU_V2
713,TOKYU_V2_SHINTSUNASHIMA,TOKYU_V2_HIYOSHI,3,2025-09-17 11:13:32.426,2025-09-17 11:13:32.426,TOKYU_V2
714,TOKYU_V2_SHINTSUNASHIMA,TOKYU_V2_SHINYOKOHAMA,4,2025-09-17 11:13:32.426,2025-09-17 11:13:32.426,TOKYU_V2
715,TOKYU_V2_SHINYOKOHAMA,TOKYU_V2_SHINTSUNASHIMA,4,2025-09-17 11:13:32.426,2025-09-17 11:13:32.426,TOKYU_V2
716,TOKYU_V2_SUZUKAKEDAI,TOKYU_V2_MINAMIMACHIDAGRANBERRYPARK,2,2025-09-17 11:13:32.426,2025-09-17 11:13:32.426,TOKYU_V2
717,TOKYU_V2_SUZUKAKEDAI,TOKYU_V2_TSUKUSHINO,2,2025-09-17 11:13:32.426,2025-09-17 11:13:32.426,TOKYU_V2
718,TOKYU_V2_TAKATSU,TOKYU_V2_MIZONOKUCHI,2,2025-09-17 11:13:32.426,2025-09-17 11:13:32.426,TOKYU_V2
719,TOKYU_V2_TAKATSU,TOKYU_V2_FUTAKOSHINCHI,1,2025-09-17 11:13:32.426,2025-09-17 11:13:32.426,TOKYU_V2
720,TOKYU_V2_TAMAGAWA,TOKYU_V2_SHINMARUKO,2,2025-09-17 11:13:32.426,2025-09-17 11:13:32.426,TOKYU_V2
721,TOKYU_V2_TAMAGAWA,TOKYU_V2_DENENCHOFU,2,2025-09-17 11:13:32.426,2025-09-17 11:13:32.426,TOKYU_V2
722,TOKYU_V2_TAMAGAWA,TOKYU_V2_NUMABE,2,2025-09-17 11:13:32.426,2025-09-17 11:13:32.426,TOKYU_V2
723,TOKYU_V2_TAMAPLAZA,TOKYU_V2_AZAMINO,1,2025-09-17 11:13:32.426,2025-09-17 11:13:32.426,TOKYU_V2
724,TOKYU_V2_TAMAPLAZA,TOKYU_V2_SAGINUMA,2,2025-09-17 11:13:32.426,2025-09-17 11:13:32.426,TOKYU_V2
725,TOKYU_V2_TANA,TOKYU_V2_NAGATSUTA,2,2025-09-17 11:13:32.426,2025-09-17 11:13:32.426,TOKYU_V2
726,TOKYU_V2_TANA,TOKYU_V2_AOBADAI,2,2025-09-17 11:13:32.426,2025-09-17 11:13:32.426,TOKYU_V2
727,TOKYU_V2_TANMACHI,TOKYU_V2_YOKOHAMA,1,2025-09-17 11:13:32.426,2025-09-17 11:13:32.426,TOKYU_V2
728,TOKYU_V2_TANMACHI,TOKYU_V2_HIGASHIHAKURAKU,2,2025-09-17 11:13:32.426,2025-09-17 11:13:32.426,TOKYU_V2
729,TOKYU_V2_TODOROKI,TOKYU_V2_KAMINOGE,2,2025-09-17 11:13:32.426,2025-09-17 11:13:32.426,TOKYU_V2
730,TOKYU_V2_TODOROKI,TOKYU_V2_OYAMADAI,2,2025-09-17 11:13:32.426,2025-09-17 11:13:32.426,TOKYU_V2
731,TOKYU_V2_TOGOSHIGINZA,TOKYU_V2_EBARANAKANOBU,2,2025-09-17 11:13:32.426,2025-09-17 11:13:32.426,TOKYU_V2
732,TOKYU_V2_TOGOSHIGINZA,TOKYU_V2_OSAKIHIROKOJI,2,2025-09-17 11:13:32.426,2025-09-17 11:13:32.426,TOKYU_V2
733,TOKYU_V2_TOGOSHIKOEN,TOKYU_V2_NAKANOBU,2,2025-09-17 11:13:32.426,2025-09-17 11:13:32.426,TOKYU_V2
734,TOKYU_V2_TOGOSHIKOEN,TOKYU_V2_SHIMOSHINMEI,2,2025-09-17 11:13:32.426,2025-09-17 11:13:32.426,TOKYU_V2
735,TOKYU_V2_TORITSUDAIGAKU,TOKYU_V2_JIYUGAOKA,2,2025-09-17 11:13:32.426,2025-09-17 11:13:32.426,TOKYU_V2
736,TOKYU_V2_TORITSUDAIGAKU,TOKYU_V2_GAKUGEIDAIGAKU,2,2025-09-17 11:13:32.426,2025-09-17 11:13:32.426,TOKYU_V2
737,TOKYU_V2_TSUKIMINO,TOKYU_V2_CHUORINKAN,2,2025-09-17 11:13:32.426,2025-09-17 11:13:32.426,TOKYU_V2
738,TOKYU_V2_TSUKIMINO,TOKYU_V2_MINAMIMACHIDAGRANBERRYPARK,1,2025-09-17 11:13:32.426,2025-09-17 11:13:32.426,TOKYU_V2
739,TOKYU_V2_TSUKUSHINO,TOKYU_V2_SUZUKAKEDAI,2,2025-09-17 11:13:32.426,2025-09-17 11:13:32.426,TOKYU_V2
740,TOKYU_V2_TSUKUSHINO,TOKYU_V2_NAGATSUTA,3,2025-09-17 11:13:32.426,2025-09-17 11:13:32.426,TOKYU_V2
741,TOKYU_V2_TSUNASHIMA,TOKYU_V2_OKURAYAMA,2,2025-09-17 11:13:32.426,2025-09-17 11:13:32.426,TOKYU_V2
742,TOKYU_V2_TSUNASHIMA,TOKYU_V2_HIYOSHI,2,2025-09-17 11:13:32.426,2025-09-17 11:13:32.426,TOKYU_V2
743,TOKYU_V2_UNOKI,TOKYU_V2_NUMABE,2,2025-09-17 11:13:32.426,2025-09-17 11:13:32.426,TOKYU_V2
744,TOKYU_V2_UNOKI,TOKYU_V2_SHIMOMARUKO,2,2025-09-17 11:13:32.426,2025-09-17 11:13:32.426,TOKYU_V2
745,TOKYU_V2_YAGUCHINOWATASHI,TOKYU_V2_MUSASHINITTA,2,2025-09-17 11:13:32.426,2025-09-17 11:13:32.426,TOKYU_V2
746,TOKYU_V2_YAGUCHINOWATASHI,TOKYU_V2_KAMATA,2,2025-09-17 11:13:32.426,2025-09-17 11:13:32.426,TOKYU_V2
747,TOKYU_V2_YOGA,TOKYU_V2_FUTAKOTAMAGAWA,3,2025-09-17 11:13:32.426,2025-09-17 11:13:32.426,TOKYU_V2
748,TOKYU_V2_YOGA,TOKYU_V2_SAKURASHINMACHI,2,2025-09-17 11:13:32.426,2025-09-17 11:13:32.426,TOKYU_V2
749,TOKYU_V2_YOKOHAMA,TOKYU_V2_SHINTAKASHIMA,2,2025-09-17 11:13:32.426,2025-09-17 11:13:32.426,TOKYU_V2
750,TOKYU_V2_YOKOHAMA,TOKYU_V2_TANMACHI,1,2025-09-17 11:13:32.426,2025-09-17 11:13:32.426,TOKYU_V2
751,TOKYU_V2_YUKIGAYAOTSUKA,TOKYU_V2_ONTAKESAN,1,2025-09-17 11:13:32.426,2025-09-17 11:13:32.426,TOKYU_V2
752,TOKYU_V2_YUKIGAYAOTSUKA,TOKYU_V2_ISHIKAWADAI,2,2025-09-17 11:13:32.426,2025-09-17 11:13:32.426,TOKYU_V2
753,TOKYU_V2_YUTENJI,TOKYU_V2_GAKUGEIDAIGAKU,2,2025-09-17 11:13:32.426,2025-09-17 11:13:32.426,TOKYU_V2
754,TOKYU_V2_YUTENJI,TOKYU_V2_NAKAMEGURO,2,2025-09-17 11:13:32.426,2025-09-17 11:13:32.426,TOKYU_V2